OrderId, ProductId, Quantity, ReservationToken, Price, Timestamp
1,stress-user-9,1,1,1-639258958302291840,400,61053747536041
5,stress-user-8,1,1,1-639258958302295780,400,61053747514583
6,stress-user-2,1,1,1-639258958302296000,400,61053747570208
2,stress-user-0,1,1,1-639258958302296010,400,61053747592166
7,stress-user-11,1,1,1-639258958302296020,400,61053747532458
3,stress-user-1,1,1,1-639258958302296030,400,61053747555166
8,stress-user-3,1,1,1-639258958302296030,400,61053747564500
4,stress-user-4,1,1,1-639258958302296040,400,61053747586791
9,stress-user-7,1,1,1-639258958302296050,400,61053747527916
10,stress-user-5,1,1,1-639258958302296050,400,61053747561041
11,stress-user-12,1,1,1-639258958302296090,400,61053749331458
12,stress-user-15,1,1,1-639258958302296090,400,61053749394125
13,stress-user-6,1,1,1-639258958302296100,400,61053749436666
14,stress-user-13,1,1,1-639258958302296110,400,61053749463250
15,stress-user-14,1,1,1-639258958302296110,400,61053749463208
16,stress-user-19,1,1,1-639258958302296120,400,61053749469833
17,stress-user-18,1,1,1-639258958302296130,400,61053749507083
18,stress-user-22,1,1,1-639258958302296130,400,61053749536541
19,stress-user-23,1,1,1-639258958302296140,400,61053749568458
20,stress-user-20,1,1,1-639258958302296150,400,61053749577458
21,stress-user-21,1,1,1-639258958302296150,400,61053749580375
22,stress-user-24,1,1,1-639258958302296320,400,61053749594291
23,stress-user-26,1,1,1-639258958302296750,400,61053749659708
24,stress-user-25,1,1,1-639258958302296780,400,61053749661041
25,stress-user-28,1,1,1-639258958302296800,400,61053749740166
26,stress-user-27,1,1,1-639258958302296810,400,61053749742500
27,stress-user-29,1,1,1-639258958302296810,400,61053749780875
28,stress-user-32,1,1,1-639258958302296820,400,61053749820666
29,stress-user-30,1,1,1-639258958302296830,400,61053749824166
30,stress-user-31,1,1,1-639258958302296850,400,61053749824250
31,stress-user-33,1,1,1-639258958302296850,400,61053749857958
32,stress-user-35,1,1,1-639258958302296860,400,61053749887708
33,stress-user-36,1,1,1-639258958302296870,400,61053749914291
34,stress-user-34,1,1,1-639258958302296870,400,61053749924791
35,stress-user-37,1,1,1-639258958302296880,400,61053749936500
36,stress-user-39,1,1,1-639258958302296890,400,61053749972250
37,stress-user-40,1,1,1-639258958302296890,400,61053749996625
38,stress-user-38,1,1,1-639258958302296900,400,61053750005916
39,stress-user-41,1,1,1-639258958302296910,400,61053750020166
40,stress-user-42,1,1,1-639258958302296910,400,61053750043750
41,stress-user-44,1,1,1-639258958302296920,400,61053750171750
42,stress-user-46,1,1,1-639258958302296930,400,61053750202500
43,stress-user-43,1,1,1-639258958302296930,400,61053750204291
44,stress-user-45,1,1,1-639258958302296940,400,61053750225708
45,stress-user-47,1,1,1-639258958302296940,400,61053750235166
46,stress-user-49,1,1,1-639258958302296960,400,61053750263708
47,stress-user-48,1,1,1-639258958302296960,400,61053750286041
48,stress-user-51,1,1,1-639258958302296970,400,61053750290791
49,stress-user-50,1,1,1-639258958302296980,400,61053750317833
50,stress-user-52,1,1,1-639258958302296980,400,61053750318666
51,stress-user-53,1,1,1-639258958302296990,400,61053750360458
52,stress-user-100,1,1,1-639258958302351990,400,61053756025791
53,stress-user-103,1,1,1-639258958302352050,400,61053756025875
54,stress-user-99,1,1,1-639258958302353530,400,61053756191250
55,stress-user-101,1,1,1-639258958302353730,400,61053756211000
56,stress-user-98,1,1,1-639258958302354570,400,61053756295375
57,stress-user-96,1,1,1-639258958302354600,400,61053756298041
58,stress-user-97,1,1,1-639258958302354780,400,61053756315791
59,stress-user-95,1,1,1-639258958302355290,400,61053756367166
60,stress-user-94,1,1,1-639258958302355450,400,61053756383541
61,stress-user-93,1,1,1-639258958302355560,400,61053756393541
62,stress-user-92,1,1,1-639258958302355880,400,61053756425541
63,stress-user-91,1,1,1-639258958302356000,400,61053756438375
64,stress-user-90,1,1,1-639258958302356370,400,61053756475500
65,stress-user-89,1,1,1-639258958302356440,400,61053756482625
66,stress-user-88,1,1,1-639258958302356600,400,61053756497791
67,stress-user-87,1,1,1-639258958302357050,400,61053756543583
68,stress-user-86,1,1,1-639258958302357210,400,61053756559416
69,stress-user-84,1,1,1-639258958302357630,400,61053756600708
70,stress-user-83,1,1,1-639258958302358260,400,61053756633333
71,stress-user-85,1,1,1-639258958302358290,400,61053756635416
72,stress-user-82,1,1,1-639258958302358620,400,61053756658208
73,stress-user-81,1,1,1-639258958302358630,400,61053756701208
74,stress-user-80,1,1,1-639258958302358740,400,61053756712000
75,stress-user-78,1,1,1-639258958302359280,400,61053756762458
76,stress-user-77,1,1,1-639258958302359310,400,61053756768583
77,stress-user-79,1,1,1-639258958302359470,400,61053756784875
78,stress-user-76,1,1,1-639258958302359870,400,61053756822625
79,stress-user-75,1,1,1-639258958302359880,400,61053756823875
80,stress-user-74,1,1,1-639258958302360000,400,61053756838333
81,stress-user-71,1,1,1-639258958302360390,400,61053756870166
82,stress-user-73,1,1,1-639258958302360500,400,61053756887833
83,stress-user-72,1,1,1-639258958302360500,400,61053756887958
84,stress-user-69,1,1,1-639258958302360600,400,61053756898041
85,stress-user-68,1,1,1-639258958302360910,400,61053756929041
86,stress-user-70,1,1,1-639258958302361100,400,61053756947916
87,stress-user-67,1,1,1-639258958302361170,400,61053756955333
88,stress-user-66,1,1,1-639258958302361180,400,61053756956208
89,stress-user-64,1,1,1-639258958302361500,400,61053756986375
90,stress-user-62,1,1,1-639258958302361690,400,61053757007125
91,stress-user-63,1,1,1-639258958302361840,400,61053757022458
92,stress-user-102,1,1,1-639258958302362050,400,61053757043208
93,stress-user-60,1,1,1-639258958302362340,400,61053757069166
94,stress-user-65,1,1,1-639258958302362420,400,61053757080625
95,stress-user-61,1,1,1-639258958302362500,400,61053757087375
96,stress-user-58,1,1,1-639258958302362560,400,61053757094166
97,stress-user-57,1,1,1-639258958302362820,400,61053757119708
98,stress-user-17,1,1,1-639258958302363030,400,61053757141333
99,stress-user-16,1,1,1-639258958302363250,400,61053757162875
100,stress-user-56,1,1,1-639258958302363270,400,61053757163125
